INSERT INTO countries (id, name, area)
VALUES (1, 'Afghanistan', 652230),
       (2, 'Albania', 28748),
       (3, 'Algeria', 2381741),
       (4, 'Andorra', 468),
       (5, 'Angola', 1246700),
       (6, 'Antigua and Barbuda', 442.6),
       (7, 'Argentina', 2780400),
       (8, 'Armenia', 29743),
       (9, 'Australia', 7692024),
       (10, 'Austria', 83871),
       (11, 'Azerbaijan', 86600),
       (12, 'Bahamas', 13943),
       (13, 'Bahrain', 765),
       (14, 'Bangladesh', 147570),
       (15, 'Barbados', 430),
       (16, 'Belarus', 207600),
       (17, 'Belgium', 30528),
       (18, 'Belize', 22966),
       (19, 'Benin', 114763),
       (20, 'Bhutan', 38394),
       (21, 'Bolivia', 1098581),
       (22, 'Bosnia and Herzegovina', 51209),
       (23, 'Botswana', 581730),
       (24, 'Brazil', 8515767),
       (25, 'Brunei', 5765),
       (26, 'Bulgaria', 110879),
       (27, 'Burkina Faso', 272967),
       (28, 'Burundi', 27834),
       (29, 'Cabo Verde', 4033),
       (30, 'Cambodia', 181035),
       (31, 'Cameroon', 475442),
       (32, 'Canada', 9984670),
       (33, 'Central African Republic', 622984),
       (34, 'Chad', 1284000),
       (35, 'Chile', 756102),
       (36, 'China', 9596961),
       (37, 'Colombia', 1141748),
       (38, 'Comoros', 2235),
       (39, 'Congo (Congo-Brazzaville)', 342000),
       (40, 'Congo, Democratic Republic of the', 2344858),
       (41, 'Costa Rica', 51100),
       (42, 'Croatia', 56594),
       (43, 'Cuba', 109884),
       (44, 'Cyprus', 9251),
       (45, 'Czech Republic', 78867),
       (46, 'Denmark', 43094),
       (47, 'Djibouti', 23200),
       (48, 'Dominica', 751),
       (49, 'Dominican Republic', 48671),
       (50, 'Ecuador', 283561),
       (51, 'Egypt', 1002450),
       (52, 'El Salvador', 21041),
       (53, 'Equatorial Guinea', 28051),
       (54, 'Eritrea', 117600),
       (55, 'Estonia', 45227),
       (56, 'Eswatini', 17364),
       (57, 'Ethiopia', 1104300),
       (58, 'Fiji', 18333),
       (59, 'Finland', 338424),
       (60, 'France', 551695),
       (61, 'Gabon', 267668),
       (62, 'Gambia', 11295),
       (63, 'Georgia', 69700),
       (64, 'Germany', 357022),
       (65, 'Ghana', 238533),
       (66, 'Greece', 131957),
       (67, 'Grenada', 348.5),
       (68, 'Guatemala', 108889),
       (69, 'Guinea', 245857),
       (70, 'Guinea-Bissau', 36125),
       (71, 'Guyana', 214970),
       (72, 'Haiti', 27750),
       (73, 'Honduras', 112492),
       (74, 'Hungary', 93028),
       (75, 'Iceland', 103000),
       (76, 'India', 3287263),
       (77, 'Indonesia', 1904569),
       (78, 'Iran', 1648195),
       (79, 'Iraq', 438317),
       (80, 'Ireland', 70273),
       (81, 'Israel', 20770),
       (82, 'Italy', 301340),
       (83, 'Jamaica', 10991),
       (84, 'Japan', 377975),
       (85, 'Jordan', 89342),
       (86, 'Kazakhstan', 2724900),
       (87, 'Kenya', 580367),
       (88, 'Kiribati', 811),
       (89, 'Kuwait', 17818),
       (90, 'Kyrgyzstan', 199951),
       (91, 'Laos', 236800),
       (92, 'Latvia', 64559),
       (93, 'Lebanon', 10452),
       (94, 'Lesotho', 30355),
       (95, 'Liberia', 111369),
       (96, 'Libya', 1759540),
       (97, 'Liechtenstein', 160),
       (98, 'Lithuania', 65300),
       (99, 'Luxembourg', 2586),
       (100, 'Madagascar', 587041),
       (101, 'Malawi', 118484),
       (102, 'Malaysia', 330803),
       (103, 'Maldives', 298),
       (104, 'Mali', 1240192),
       (105, 'Malta', 316),
       (106, 'Marshall Islands', 181),
       (107, 'Mauritania', 1030700),
       (108, 'Mauritius', 2040),
       (109, 'Mexico', 1964375),
       (110, 'Micronesia', 702),
       (111, 'Moldova', 33843),
       (112, 'Monaco', 2.02),
       (113, 'Mongolia', 1564110),
       (114, 'Montenegro', 13812),
       (115, 'Morocco', 710850),
       (116, 'Mozambique', 801590),
       (117, 'Myanmar', 676578),
       (118, 'Namibia', 825615),
       (119, 'Nauru', 21),
       (120, 'Nepal', 147516),
       (121, 'Netherlands', 41543),
       (122, 'New Zealand', 268838),
       (123, 'Nicaragua', 130373),
       (124, 'Niger', 1267000),
       (125, 'Nigeria', 923769),
       (126, 'North Macedonia', 25713),
       (127, 'Norway', 323802),
       (128, 'Oman', 309500),
       (129, 'Pakistan', 881913),
       (130, 'Palau', 459),
       (131, 'Panama', 75417),
       (132, 'Papua New Guinea', 462840),
       (133, 'Paraguay', 406752),
       (134, 'Peru', 1285216),
       (135, 'Philippines', 300000),
       (136, 'Poland', 312696),
       (137, 'Portugal', 92212),
       (138, 'Puerto Rico', 13792),
       (139, 'Qatar', 11586),
       (140, 'Romania', 238397),
       (141, 'Russia', 17098242),
       (142, 'Rwanda', 26338),
       (143, 'Saint Kitts and Nevis', 261),
       (144, 'Saint Lucia', 616),
       (145, 'Saint Vincent and the Grenadines', 389),
       (146, 'Samoa', 2842),
       (147, 'San Marino', 61),
       (148, 'Sao Tome and Principe', 964),
       (149, 'Saudi Arabia', 2149690),
       (150, 'Senegal', 196722),
       (151, 'Serbia', 77474),
       (152, 'Seychelles', 459),
       (153, 'Sierra Leone', 71740),
       (154, 'Singapore', 728.6),
       (155, 'Slovakia', 49037),
       (156, 'Slovenia', 20273),
       (157, 'Solomon Islands', 28896),
       (158, 'Somalia', 637657),
       (159, 'South Africa', 1221037),
       (160, 'South Korea', 100210),
       (161, 'South Sudan', 619745),
       (162, 'Spain', 505992),
       (163, 'Sri Lanka', 65610),
       (164, 'Sudan', 1861484),
       (165, 'Suriname', 163821),
       (166, 'Sweden', 450295),
       (167, 'Switzerland', 41284),
       (168, 'Syria', 185180),
       (169, 'Taiwan', 36197),
       (170, 'Tajikistan', 143100),
       (171, 'Tanzania', 945087),
       (172, 'Thailand', 513120),
       (173, 'Timor-Leste', 14874),
       (174, 'Togo', 56785),
       (175, 'Tonga', 747),
       (176, 'Trinidad and Tobago', 5130),
       (177, 'Tunisia', 163610),
       (178, 'Turkey', 783356),
       (179, 'Turkmenistan', 488100),
       (180, 'Tuvalu', 26),
       (181, 'Uganda', 241038),
       (182, 'Ukraine', 603550),
       (183, 'United Arab Emirates', 83600),
       (184, 'United Kingdom', 243610),
       (185, 'United States of America', 9833517),
       (186, 'Uruguay', 176215),
       (187, 'Uzbekistan', 447400),
       (188, 'Vanuatu', 12189),
       (189, 'Vatican City', 0.44),
       (190, 'Venezuela', 916445),
       (191, 'Vietnam', 331212),
       (192, 'Yemen', 527968),
       (193, 'Zambia', 752612),
       (194, 'Zimbabwe', 390757);

INSERT INTO attractions (id, description, elevation, name, type, country_id)
VALUES (1, 'An ancient Incan city located in the Andes mountains', 2430, 'Machu Picchu', 'historical site', 134),
       (2, 'A massive statue of Jesus Christ overlooking Rio de Janeiro', 710, 'Christ the Redeemer', 'monument', 24),
       (3, 'A large series of waterfalls', 195, 'Iguazu Falls', 'natural wonder', 7),
       (4, 'The world''s largest salt flat', 3656, 'Salar de Uyuni', 'natural wonder', 21),
       (5, 'A unique volcanic archipelago known for diverse wildlife', 0, 'Galapagos Islands', 'natural reserve', 50),
       (6, 'The driest desert in the world', 2400, 'Atacama Desert', 'desert', 35),
       (7, 'The world''s tallest uninterrupted waterfall', 979, 'Angel Falls', 'waterfall', 190),
       (8, 'A stunning national park in Patagonia with mountains, glaciers, and lakes', 2800, 'Torres del Paine',
        'national park', 35),
       (9, 'A stunning basilica in Bogota', 2640, 'La Sagrada Familia', 'religious building', 37),
       (10, 'The largest lake in South America', 3812, 'Lake Titicaca', 'lake', 21),
       (11, 'A unique desert landscape with rock formations and sand dunes', 2500, 'Valley of the Moon',
        'natural wonder', 35),
       (12, 'An ancient city in the mountains', 1200, 'Ciudad Perdida', 'historical site', 37),
       (13, 'An eerie collection of old train cars in the desert', 3665, 'Uyuni Train Cemetery', 'museum', 21),
       (14, 'A beach with red sand cliffs', 0, 'Canoa Quebrada', 'beach', 24),
       (15, 'A massive advancing glacier in Patagonia', 1500, 'Perito Moreno Glacier', 'glacier', 7),
       (16, 'An ancient Mesoamerican city with large pyramids', 2300, 'Teotihuacan', 'archaeological site', 109),
       (17, 'A large Mayan archaeological site', 300, 'Tikal', 'archaeological site', 68),
       (18, 'A majestic active volcano', 5897, 'Cotopaxi', 'volcano', 50),
       (19, 'A famous beach in Rio de Janeiro', 0, 'Copacabana Beach', 'beach', 24),
       (20, 'The iconic Moai statues of Easter Island', 0, 'Rapa Nui', 'archaeological site', 35),
       (21, 'One of the largest hydroelectric dams in the world', 220, 'Itaipu Dam', 'hydroelectric dam', 24),
       (22, 'The highest mountain in the Americas, located in the Andes', 6960, 'Aconcagua', 'mountain', 7),
       (23, 'Ancient geoglyphs etched into the southern desert', 520, 'Nazca Lines', 'archaeological site', 134),
       (24, 'An ancient Mayan city located in the jungles', 500, 'Caracol', 'archaeological site', 18),
       (25, 'A group of islands known for their pristine beaches and indigenous culture', 0, 'San Blas Islands',
        'beach', 131),
       (26, 'A tropical cloud forest reserve', 1600, 'Monteverde Cloud Forest', 'nature reserve', 41),
       (27, 'A group of small islands off the northern coast', 0, 'Cayos Cochinos', 'beach', 73),
       (28, 'A beautiful crater lake surrounded by volcanoes', 1560, 'Lake Atitlan', 'lake', 68),
       (29, 'An underground Roman Catholic church built within the tunnels of a salt mine', 2650,
        'Salt Cathedral of Zipaquira', 'religious building', 37),
       (30, 'A tropical rainforest', 1050, 'El Yunque National Forest', 'national park', 138),
       (31, 'A scenic region known for waterfalls and rainforests', 350, 'Tarapoto', 'natural wonder', 134),
       (32, 'A beautiful coastal city with a rich colonial history', 0, 'La Guaira', 'city', 190),
       (33, 'An ancient Mayan site known for its stunning sculptures', 600, 'Ruins of Copan', 'archaeological site',
        73),
       (34, 'A unique phenomenon where a saltwater lake turns pink', 0, 'The Pink Sea', 'natural wonder', 37),
       (35, 'An active volcano with a massive crater lake', 2708, 'Poas Volcano', 'volcano', 41),
       (36, 'A flat-topped mountain on the border between three countries', 2810, 'Mount Roraima', 'mountain', 190),
       (37, 'A giant sculpture of a hand emerging from the sand on a beach', 0, 'La Mano de Punta del Este',
        'sculpture', 186),
       (38, 'A UNESCO World Heritage Site known for its stunning glaciers', 200, 'Los Glaciares National Park',
        'national park', 7),
       (39, 'A stunning coral archipelago and national park off the coast', 0, 'Los Roques Archipelago',
        'national park', 190),
       (40, 'One of the oldest civilizations in the Americas, an ancient city', 350, 'Caral', 'archaeological site',
        134),
       (41, 'The tallest waterfall in Ecuador, located in the Amazon rainforest', 150, 'San Rafael Waterfall',
        'waterfall', 50),
       (42, 'A remote archipelago and UNESCO World Heritage site known for its biodiversity', 0, 'Fernando de Noronha',
        'natural reserve', 24),
       (43, 'A mountain in Argentina with a striking array of colored stripes', 4175, 'Cerro de los Siete Colores',
        'natural wonder', 7),
       (44, 'The highest mountain in Ecuador, with a peak that is the farthest point from the Earth''s center', 6263,
        'Chimborazo', 'mountain', 50),
       (45, 'An underground river and cave system in the Yucatan Peninsula', 0, 'Rio Secreto', 'natural wonder', 109),
       (46, 'A group of small, uninhabited islands off the coast of Mexico, known for their hidden beach', 0,
        'Marieta Islands', 'beach', 109),
       (47, 'The world''s largest tropical wetland', 100, 'Pantanal', 'wetland', 24),
       (48, 'A wildlife reserve in Argentina famous for its large colony of Magellanic penguins', 0, 'Punta Tombo',
        'wildlife reserve', 7),
       (49, 'A shallow salt lake in Bolivia famous for its red water and flamingos', 4278, 'Laguna Colorada', 'lake',
        21),
       (50, 'A complex of salt evaporation ponds dating back to Incan times', 3000, 'Salt Flats of Maras',
        'historical site', 134);

INSERT INTO personal_datas (id, age, gender, birth_date, card_number)
VALUES (1, 33, 'M', '1991-05-12', 123456789),
       (2, 22, 'F', '2002-03-22', 987654321),
       (3, 34, 'M', '1990-11-15', 234567890),
       (4, 29, 'F', '1995-07-23', 345678901),
       (5, 56, 'M', '1968-01-30', 456789012),
       (6, 41, 'F', '1983-08-19', 567890123),
       (7, 63, 'M', '1961-09-14', 678901234),
       (8, 77, 'F', '1947-12-10', 789012345),
       (9, 54, 'M', '1970-04-05', 890123456),
       (10, 31, 'F', '1993-02-28', 901234567),
       (11, 48, 'M', '1976-06-20', 102345678),
       (12, 26, 'F', '1998-10-16', 213456789),
       (13, 37, 'M', '1987-11-25', 324567890),
       (14, 52, 'F', '1972-01-05', 435678901),
       (15, 41, 'M', '1983-07-14', 546789012),
       (16, 23, 'F', '2001-04-22', 657890123),
       (17, 35, 'M', '1989-03-17', 768901234),
       (18, 49, 'F', '1975-08-10', 879012345),
       (19, 60, 'M', '1964-02-01', 980123456),
       (20, 27, 'F', '1997-11-30', 123456780),
       (21, 62, 'M', '1962-12-12', 234567891),
       (22, 42, 'F', '1982-05-09', 345678902),
       (23, 30, 'M', '1994-06-23', 456789013),
       (24, 46, 'F', '1978-04-25', 567890124),
       (25, 57, 'M', '1967-07-15', 678901235),
       (26, 21, 'F', '2003-03-01', 789012346),
       (27, 50, 'M', '1974-10-29', 890123457),
       (28, 25, 'F', '1999-08-07', 901234568),
       (29, 39, 'M', '1985-12-05', 102345679),
       (30, 43, 'F', '1981-06-17', 213456780),
       (31, 68, 'M', '1956-07-28', 324567891),
       (32, 59, 'F', '1965-09-09', 435678902),
       (33, 53, 'M', '1971-03-13', 546789013),
       (34, 28, 'F', '1996-04-04', 657890124),
       (35, 74, 'M', '1950-02-14', 768901235),
       (36, 38, 'F', '1986-10-25', 879012346),
       (37, 66, 'M', '1958-06-21', 980123457),
       (38, 32, 'F', '1992-09-18', 123456791),
       (39, 48, 'M', '1976-01-11', 234567892),
       (40, 45, 'F', '1979-04-04', 345678903),
       (41, 57, 'M', '1967-03-28', 456789014),
       (42, 26, 'F', '1998-05-12', 567890125),
       (43, 41, 'M', '1983-11-22', 678901236),
       (44, 55, 'F', '1969-12-19', 789012347),
       (45, 30, 'M', '1994-08-06', 890123458),
       (46, 24, 'F', '2000-10-02', 901234569),
       (47, 49, 'M', '1975-02-07', 102345680),
       (48, 65, 'F', '1959-07-26', 213456791),
       (49, 33, 'M', '1991-11-15', 324567892),
       (50, 40, 'F', '1984-12-30', 435678903),
       (51, 56, 'M', '1968-04-09', 546789014),
       (52, 21, 'F', '2003-01-21', 657890125),
       (53, 31, 'M', '1993-09-05', 768901236),
       (54, 47, 'F', '1977-08-19', 879012347),
       (55, 61, 'M', '1963-03-07', 980123458),
       (56, 25, 'F', '1999-02-14', 123456792),
       (57, 42, 'M', '1982-11-13', 234567893),
       (58, 38, 'F', '1986-07-22', 345678904),
       (59, 29, 'M', '1995-09-29', 456789015),
       (60, 59, 'F', '1965-05-05', 567890126),
       (61, 62, 'M', '1962-12-25', 678901237),
       (62, 71, 'F', '1953-08-01', 789012348),
       (63, 34, 'M', '1990-05-17', 890123459),
       (64, 60, 'F', '1964-09-20', 901234570),
       (65, 26, 'M', '1998-04-10', 102345681),
       (66, 52, 'F', '1972-02-18', 213456792),
       (67, 45, 'M', '1979-03-15', 324567893),
       (68, 23, 'F', '2001-12-31', 435678904),
       (69, 47, 'M', '1977-11-11', 546789015),
       (70, 33, 'F', '1991-08-21', 657890126),
       (71, 39, 'M', '1985-06-10', 768901237),
       (72, 54, 'F', '1970-10-05', 879012348),
       (73, 48, 'M', '1976-07-13', 980123459),
       (74, 29, 'F', '1995-03-21', 123456793);

INSERT INTO visitors (id, first_name, last_name, attraction_id, country_id, personal_data_id)
VALUES (1, 'John', 'Smith', 12, 43, 1),
       (2, 'Emma', 'Johnson', 34, 51, 2),
       (3, 'James', 'Williams', 29, 87, 3),
       (4, 'Sophia', 'Brown', 45, 76, 4),
       (5, 'Michael', 'Jones', 21, 18, 5),
       (6, 'Isabella', 'Garcia', 2, 123, 6),
       (7, 'William', 'Miller', 17, 94, 7),
       (8, 'Olivia', 'Davis', 9, 11, 8),
       (9, 'David', 'Martinez', 36, 172, 9),
       (10, 'Emily', 'Lopez', 44, 64, 10),
       (11, 'Christopher', 'Rodriguez', 19, 27, 11),
       (12, 'Abigail', 'Hernandez', 11, 32, 12),
       (13, 'Matthew', 'Wilson', 33, 119, 13),
       (14, 'Madison', 'Gonzalez', 6, 53, 14),
       (15, 'Daniel', 'Anderson', 48, 177, 15),
       (16, 'Ava', 'Thomas', 40, 79, 16),
       (17, 'Anthony', 'Taylor', 26, 34, 17),
       (18, 'Mia', 'Moore', 18, 56, 18),
       (19, 'Joshua', 'Jackson', 31, 108, 19),
       (20, 'Charlotte', 'Martin', 47, 96, 20),
       (21, 'Andrew', 'Lee', 13, 105, 21),
       (22, 'Amelia', 'Perez', 37, 21, 22),
       (23, 'Joseph', 'Thompson', 4, 180, 23),
       (24, 'Evelyn', 'White', 15, 68, 24),
       (25, 'Samuel', 'Harris', 25, 115, 25),
       (26, 'Sofia', 'Sanchez', 14, 49, 26),
       (27, 'Benjamin', 'Clark', 38, 166, 27),
       (28, 'Grace', 'Ramirez', 16, 134, 28),
       (29, 'Alexander', 'Lewis', 46, 71, 29),
       (30, 'Elizabeth', 'Robinson', 28, 41, 30),
       (31, 'Logan', 'Walker', 22, 158, 31),
       (32, 'Lily', 'Young', 35, 52, 32),
       (33, 'Henry', 'King', 43, 87, 33),
       (34, 'Ella', 'Scott', 8, 136, 34),
       (35, 'Ryan', 'Green', 27, 74, 35),
       (36, 'Victoria', 'Baker', 10, 123, 36),
       (37, 'Elijah', 'Adams', 24, 170, 37),
       (38, 'Scarlett', 'Nelson', 7, 29, 38),
       (39, 'Gabriel', 'Hill', 20, 182, 39),
       (40, 'Zoe', 'Carter', 5, 42, 40),
       (41, 'Jackson', 'Mitchell', 42, 63, 41),
       (42, 'Penelope', 'Perez', 50, 91, 42),
       (43, 'Lucas', 'Roberts', 30, 159, 43),
       (44, 'Chloe', 'Turner', 41, 114, 44),
       (45, 'Jack', 'Phillips', 3, 65, 45),
       (46, 'Harper', 'Campbell', 23, 138, 46),
       (47, 'Owen', 'Parker', 32, 120, 47),
       (48, 'Lillian', 'Evans', 49, 89, 48),
       (49, 'Thomas', 'Edwards', 1, 44, 49),
       (50, 'Hannah', 'Collins', 39, 152, 50);
